epoch,train_loss,train_acc,train_macro_f1,val_loss,val_acc,val_macro_f1,val_balanced_acc,epoch_time_s,peak_gpu_mb
1,3.2126164328720836,0.056830512152777776,0.04285509620719664,2.9822929790927373,0.11132012092710783,0.07560917641211799,0.16588326431955766,73.29,15941.4
2,2.9136123996641903,0.08888075086805555,0.07127886652665527,2.6771754184744685,0.1509573396036278,0.12677517971344884,0.23584337841405464,69.38,15941.4
3,2.7599675928552947,0.11219618055555555,0.0866088084314497,2.6314500145116106,0.17420221699697683,0.142106223996237,0.27772621227606403,69.55,15941.4
4,2.6441490236255856,0.12599012586805555,0.10298704805222048,2.565234700697238,0.17064158548874706,0.15020705794658568,0.2821194156865281,70.19,15941.4
5,2.5977963254683547,0.13859049479166666,0.1120885879609691,2.4890711933164176,0.17561303325495464,0.1783530200945198,0.3242336336472257,70.03,15941.4
6,2.5225903160042233,0.15185546875,0.12422703155463376,2.3347830469671575,0.2098757138058448,0.19291895652600666,0.3037862243743829,69.61,15941.4
7,2.4896176896161504,0.1577690972222222,0.12685558670243502,2.265802267040628,0.21592206919717838,0.22452122330043595,0.34501440826324065,69.45,15941.4
8,2.4198231800562806,0.1704372829861111,0.14030035948908184,2.3249535709729643,0.25085656701377224,0.24248791872617606,0.38143302444130156,69.63,15941.4
9,2.378102214386066,0.18336317274305555,0.14624086126932692,2.3402980566425216,0.23627813234800135,0.28175260212458936,0.37350258001879144,69.73,15941.4
10,2.318010742051734,0.19966634114583334,0.15958635056242657,2.1372529117461214,0.27074235807860264,0.2834831611010668,0.40251725364572827,69.6,15941.4
11,2.239109135336346,0.2161865234375,0.1717309153967163,1.9996564238833068,0.3207927443735304,0.30502830753882215,0.43982519053858943,69.18,15941.4
12,2.1595213210417166,0.23225911458333334,0.18827733958635215,1.9997066693695191,0.3383271750083977,0.3278721559106012,0.4639576123105933,68.99,15941.4
13,2.130735953234964,0.24922688802083334,0.1927780889843242,1.7749543480077044,0.4016795431642593,0.38542866233572237,0.5007877399792979,69.36,15941.4
14,2.0678407272530928,0.2634548611111111,0.20901917657259936,1.8271752495072133,0.3764192139737991,0.3726311917424246,0.5252598767782923,69.52,15941.4
15,2.015784409311083,0.2849663628472222,0.22089868304809562,1.7999596388819716,0.3873698354047699,0.3775237410765652,0.5037495338272623,69.5,15941.4
16,1.960455438329114,0.2939724392361111,0.2297784745430797,1.6641252220898297,0.427208599261001,0.39617850162402335,0.5229450710660689,68.95,15941.4
17,1.916743019802703,0.3133680555555556,0.24325374934993407,1.7310834790301235,0.40947262344642255,0.4021468223381809,0.5415470895314355,69.57,15941.4
18,1.8685080007546477,0.3235677083333333,0.2547038768096125,1.6704478268339844,0.42431978501847495,0.4571245549894757,0.5896614445252838,68.9,15941.4
19,1.795398407926162,0.3436143663194444,0.27033604412564904,1.6002161801882466,0.4777292576419214,0.45875074776259145,0.5790953547037497,69.22,15941.4
20,1.7449901377161343,0.3556586371527778,0.28431612406456735,1.6759851071912248,0.4307020490426604,0.44208670172756537,0.5833250975540591,69.31,15941.4
21,1.7075071897771623,0.3666178385416667,0.2945569523207741,1.6297614077733673,0.42714141753443063,0.43881080735136685,0.583042173331585,69.5,15941.4
22,1.6704500176840358,0.3750678168402778,0.30283317612315275,1.502585873749579,0.4871346993617736,0.504577225028177,0.6340162982774534,69.01,15941.4
23,1.6421499790416823,0.3899197048611111,0.3137484107505524,1.4632484497061342,0.5224051058112194,0.5063823102849642,0.6406024629479005,69.0,15941.4
24,1.5979021593100495,0.3998752170138889,0.32222915368651284,1.474256968089787,0.5015115888478334,0.5178086950458095,0.6621745673855733,68.87,15941.4
25,1.5760410295592413,0.4121229383680556,0.333624622557508,1.51508012738931,0.4673160900235136,0.4566207426547386,0.6080755952266336,68.94,15941.4
26,1.5326983316077127,0.4214002821180556,0.34231039511114897,1.4531430904361518,0.49271078266711454,0.5144654530861932,0.6445260839662845,68.78,15941.4
27,1.5086474878092606,0.4369303385416667,0.35721573425833236,1.3734292981125662,0.5269062814914344,0.534656945352207,0.6781155415312142,68.94,15941.4
28,1.4716120616843302,0.4433051215277778,0.3610466567106599,1.3147728210253167,0.5536446086664427,0.5719737482822348,0.6764594988271483,68.81,15941.4
29,1.45909287677043,0.4537353515625,0.3708848527634551,1.3640328849527232,0.5250251931474639,0.5340919535644547,0.682405848962027,68.85,15941.4
30,1.4147365879681375,0.4607340494791667,0.38056972479564244,1.3205670702405372,0.5329526368827678,0.5302840100886761,0.6410782080418094,68.87,15941.4
31,1.3889337968495157,0.4694146050347222,0.3818554087055026,1.2986316057351919,0.5357742693987235,0.5505100749783247,0.6968788283414153,68.91,15941.4
32,1.3635484104355176,0.4818522135416667,0.39670677091888945,1.199890910982485,0.58018139066174,0.5624493427036384,0.6949594014456179,69.03,15941.4
33,1.3578089581181605,0.4910346137152778,0.3985173171460434,1.1688097625280092,0.5815922069197178,0.566047068248994,0.692628947152915,69.2,15941.4
34,1.341208432076706,0.4932996961805556,0.4013861656269508,1.1851229155748373,0.5844810211622439,0.5479546377247366,0.6909343778614764,68.9,15941.4
35,1.3037950245456562,0.5031873914930556,0.4136992652188537,1.168926933318687,0.574605307356399,0.5541661877386794,0.708491333277871,68.94,15941.4
36,1.2843018658459187,0.5096842447916666,0.4227095823823615,1.1446319484774763,0.6117568021498152,0.595716454612366,0.7271261715128361,68.94,15941.4
37,1.2808777002824678,0.5181070963541666,0.4274172719186554,1.1296741785280728,0.5958347329526369,0.5775573959086449,0.7317216676739562,69.16,15941.4
38,1.2378049412121375,0.5250379774305556,0.4331314258632117,1.1081446769536243,0.624319785018475,0.6102469830443089,0.7435209013706044,68.99,15941.4
39,1.199035128371583,0.5306532118055556,0.4441919076293264,1.1174527320198697,0.6030903594222371,0.6042145802083353,0.740229424173339,69.03,15941.4
40,1.213870438022746,0.5379774305555556,0.44360314173629634,1.0826668866656954,0.6120255290560968,0.602209547659455,0.7365644897179559,69.1,15941.4
41,1.193858911593755,0.5433078342013888,0.45405606931985815,1.0651242861861465,0.627746053073564,0.6220501683832639,0.7549542595983841,69.03,15941.4
42,1.1911926317132182,0.5461561414930556,0.44862890814537126,1.0785332588930037,0.6290896876049714,0.6151882445412743,0.7548568705015898,68.98,15941.4
43,1.1900978307757113,0.5506456163194444,0.45521798352134674,1.0355846883868627,0.646489754786698,0.6334132328955766,0.7638752322374983,69.01,15941.4
44,1.1569575468699138,0.5562337239583334,0.46826676124362254,1.0335307585940812,0.6424588511924757,0.6315617821529405,0.7667382889231772,68.98,15941.4
45,1.1575658987793658,0.5561252170138888,0.4666739599376001,1.0214232698238093,0.6447430298958683,0.6286679590051225,0.7629798584883819,68.82,15941.4
46,1.1384196161395974,0.5625406901041666,0.4740197083217022,1.0208904010559994,0.6444071212630165,0.6336250509870277,0.7621104150936893,69.12,15941.4
47,1.151179366848535,0.5644395616319444,0.4705395859662151,1.0162762975949027,0.6466912999664092,0.634018676261206,0.7616928790785209,69.03,15941.4
48,1.1423419397324324,0.5635850694444444,0.4748935987196651,1.0205626878876153,0.6448773933490091,0.637201128987373,0.7683324979030471,69.11,15941.4
49,1.1386100782288446,0.5644124348958334,0.47110589018287613,1.0176117472012731,0.6457507557944239,0.6359574755486581,0.764774621065454,69.08,15941.4
50,1.1390271892564163,0.5663655598958334,0.47439283787027303,1.0180873987536163,0.6486395700369499,0.6394080873697198,0.7700959234953922,69.15,15941.4
